x,y,heading,s
0.000000000000000000e+00,0.000000000000000000e+00,0.000000000000000000e+00,0.000000000000000000e+00
1.000000000000000000e+00,0.000000000000000000e+00,0.000000000000000000e+00,1.000000000000000000e+00
2.000000000000000000e+00,0.000000000000000000e+00,0.000000000000000000e+00,2.000000000000000000e+00
3.000000000000000000e+00,0.000000000000000000e+00,0.000000000000000000e+00,3.000000000000000000e+00
4.000000000000000000e+00,0.000000000000000000e+00,0.000000000000000000e+00,4.000000000000000000e+00
5.000000000000000000e+00,0.000000000000000000e+00,0.000000000000000000e+00,5.000000000000000000e+00
6.000000000000000000e+00,0.000000000000000000e+00,0.000000000000000000e+00,6.000000000000000000e+00
7.000000000000000000e+00,0.000000000000000000e+00,0.000000000000000000e+00,7.000000000000000000e+00
8.000000000000000000e+00,0.000000000000000000e+00,0.000000000000000000e+00,8.000000000000000000e+00
9.000000000000000000e+00,0.000000000000000000e+00,0.000000000000000000e+00,9.000000000000000000e+00
1.000000000000000000e+01,0.000000000000000000e+00,0.000000000000000000e+00,1.000000000000000000e+01
1.100000000000000000e+01,0.000000000000000000e+00,0.000000000000000000e+00,1.100000000000000000e+01
1.200000000000000000e+01,0.000000000000000000e+00,0.000000000000000000e+00,1.200000000000000000e+01
1.300000000000000000e+01,0.000000000000000000e+00,0.000000000000000000e+00,1.300000000000000000e+01
1.400000000000000000e+01,0.000000000000000000e+00,0.000000000000000000e+00,1.400000000000000000e+01
1.500000000000000000e+01,0.000000000000000000e+00,0.000000000000000000e+00,1.500000000000000000e+01
1.600000000000000000e+01,0.000000000000000000e+00,0.000000000000000000e+00,1.600000000000000000e+01
1.700000000000000000e+01,0.000000000000000000e+00,0.000000000000000000e+00,1.700000000000000000e+01
1.800000000000000000e+01,0.000000000000000000e+00,0.000000000000000000e+00,1.800000000000000000e+01
1.900000000000000000e+01,0.000000000000000000e+00,0.000000000000000000e+00,1.900000000000000000e+01
2.000000000000000000e+01,0.000000000000000000e+00,0.000000000000000000e+00,2.000000000000000000e+01
2.100000000000000000e+01,0.000000000000000000e+00,0.000000000000000000e+00,2.100000000000000000e+01
2.200000000000000000e+01,0.000000000000000000e+00,0.000000000000000000e+00,2.200000000000000000e+01
2.300000000000000000e+01,0.000000000000000000e+00,0.000000000000000000e+00,2.300000000000000000e+01
2.400000000000000000e+01,0.000000000000000000e+00,0.000000000000000000e+00,2.400000000000000000e+01
2.500000000000000000e+01,0.000000000000000000e+00,0.000000000000000000e+00,2.500000000000000000e+01
2.599934273229211712e+01,2.562838463077810047e-02,7.692307692307664979e-02,2.600000000000000000e+01
2.698974613211973761e+01,1.597631318234675746e-01,1.923076923076934008e-01,2.700000000000000000e+01
2.795812115487255767e+01,4.070298705956361118e-01,3.076923076923065992e-01,2.800000000000000000e+01
2.889158953121660645e+01,7.641402389135549811e-01,4.230769230769233502e-01,2.900000000000000000e+01
2.977773720989813100e+01,1.226345081339395904e+00,5.384615384615383249e-01,3.000000000000000000e+01
3.060477945028710423e+01,1.787497607313341064e+00,6.538461538461532996e-01,3.100000000000000000e+01
3.136171754581628690e+01,2.440135136368489555e+00,7.692307692307700506e-01,3.200000000000000000e+01
3.203848509407511358e+01,3.175578343161703287e+00,8.846153846153850253e-01,3.300000000000000000e+01
3.262608186833510615e+01,3.984046682476119372e+00,1.000000000000000000e+00,3.400000000000000000e+01
3.311669351017013696e+01,4.854788459176017312e+00,1.115384615384614975e+00,3.500000000000000000e+01
3.350379545139795567e+01,5.776223813333977830e+00,1.230769230769229949e+00,3.600000000000000000e+01
3.378223968330118510e+01,6.736098718993233092e+00,1.346153846153846700e+00,3.700000000000000000e+01
3.394832321919729168e+01,7.721647948559574814e+00,1.461538461538461675e+00,3.800000000000000000e+01
3.399983733988457146e+01,8.719764835584516760e+00,1.576923076923076650e+00,3.900000000000000000e+01
3.393609696705645007e+01,9.717175578290998317e+00,1.692307692307693401e+00,4.000000000000000000e+01
3.375794977405170982e+01,1.070061576580576457e+01,1.807692307692306599e+00,4.100000000000000000e+01
3.346776491277813648e+01,1.165700677950371400e+01,1.923076923076923350e+00,4.200000000000000000e+01
3.306940150672850365e+01,1.257362972352981956e+01,2.038461538461538325e+00,4.300000000000000000e+01
3.256815732909539207e+01,1.343829457142376782e+01,2.153846153846153300e+00,4.400000000000000000e+01
3.197069834850664094e+01,1.423950227939243263e+01,2.269230769230770051e+00,4.500000000000000000e+01
3.128497007934173979e+01,1.496659771031100306e+01,2.384615384615385025e+00,4.600000000000000000e+01
3.052009191556762246e+01,1.560991133474009374e+01,2.500000000000000000e+00,4.700000000000000000e+01
2.968623585333178028e+01,1.616088782449903505e+01,2.615384615384614975e+00,4.800000000000000000e+01
2.879449121516208265e+01,1.661219982864930955e+01,2.730769230769229949e+00,4.900000000000000000e+01
2.785671717478527398e+01,1.695784541879898200e+01,2.846153846153846700e+00,5.000000000000000000e+01
2.688538504381372718e+01,1.719322790781810895e+01,2.961538461538461675e+00,5.100000000000000000e+01
2.589341241770529223e+01,1.731521698046840640e+01,3.076923076923076650e+00,5.200000000000000000e+01
2.489380299777821293e+01,1.733333333333333570e+01,-3.141592653589793116e+00,5.300000000000000000e+01
2.389380299777821293e+01,1.733333333333333570e+01,-3.141592653589793116e+00,5.400000000000000000e+01
2.289380299777821293e+01,1.733333333333333570e+01,-3.141592653589793116e+00,5.500000000000000000e+01
2.189380299777821293e+01,1.733333333333333570e+01,-3.141592653589793116e+00,5.600000000000000000e+01
2.089380299777821293e+01,1.733333333333333570e+01,-3.141592653589793116e+00,5.700000000000000000e+01
1.989380299777821293e+01,1.733333333333333570e+01,-3.141592653589793116e+00,5.800000000000000000e+01
1.889380299777821293e+01,1.733333333333333570e+01,-3.141592653589793116e+00,5.900000000000000000e+01
1.789380299777821293e+01,1.733333333333333570e+01,-3.141592653589793116e+00,6.000000000000000000e+01
1.689380299777821293e+01,1.733333333333333570e+01,-3.141592653589793116e+00,6.100000000000000000e+01
1.589380299777821293e+01,1.733333333333333570e+01,-3.141592653589793116e+00,6.200000000000000000e+01
1.489380299777821293e+01,1.733333333333333570e+01,-3.141592653589793116e+00,6.300000000000000000e+01
1.389380299777821293e+01,1.733333333333333570e+01,-3.141592653589793116e+00,6.400000000000000000e+01
1.289380299777821293e+01,1.733333333333333570e+01,-3.141592653589793116e+00,6.500000000000000000e+01
1.189380299777821293e+01,1.733333333333333570e+01,-3.141592653589793116e+00,6.600000000000000000e+01
1.089380299777821293e+01,1.733333333333333570e+01,-3.141592653589793116e+00,6.700000000000000000e+01
9.893802997778212927e+00,1.733333333333333570e+01,-3.141592653589793116e+00,6.800000000000000000e+01
8.893802997778212927e+00,1.733333333333333570e+01,-3.141592653589793116e+00,6.900000000000000000e+01
8.055652301389581993e+00,1.773334312334109342e+01,1.982297150257121388e+00,7.000000000000000000e+01
8.357456322677439431e+00,1.859062120484665215e+01,4.822971502571227198e-01,7.100000000000000000e+01
9.345135233161922628e+00,1.866666666666666785e+01,0.000000000000000000e+00,7.200000000000000000e+01
1.034513523316192263e+01,1.866666666666666785e+01,0.000000000000000000e+00,7.300000000000000000e+01
1.134513523316192263e+01,1.866666666666666785e+01,0.000000000000000000e+00,7.400000000000000000e+01
1.234513523316192263e+01,1.866666666666666785e+01,0.000000000000000000e+00,7.500000000000000000e+01
1.334513523316192263e+01,1.866666666666666785e+01,0.000000000000000000e+00,7.600000000000000000e+01
1.434513523316192263e+01,1.866666666666666785e+01,0.000000000000000000e+00,7.700000000000000000e+01
1.534513523316192263e+01,1.866666666666666785e+01,0.000000000000000000e+00,7.800000000000000000e+01
1.634513523316192263e+01,1.866666666666666785e+01,0.000000000000000000e+00,7.900000000000000000e+01
1.734513523316192263e+01,1.866666666666666785e+01,0.000000000000000000e+00,8.000000000000000000e+01
1.834513523316192263e+01,1.866666666666666785e+01,0.000000000000000000e+00,8.100000000000000000e+01
1.934513523316192263e+01,1.866666666666666785e+01,0.000000000000000000e+00,8.200000000000000000e+01
2.034513523316192263e+01,1.866666666666666785e+01,0.000000000000000000e+00,8.300000000000000000e+01
2.134513523316192263e+01,1.866666666666666785e+01,0.000000000000000000e+00,8.400000000000000000e+01
2.234513523316192263e+01,1.866666666666666785e+01,0.000000000000000000e+00,8.500000000000000000e+01
2.334513523316192263e+01,1.866666666666666785e+01,0.000000000000000000e+00,8.600000000000000000e+01
2.434513523316192263e+01,1.866666666666666785e+01,0.000000000000000000e+00,8.700000000000000000e+01
2.534513522951437281e+01,1.866667470232924586e+01,1.361757672528440821e-03,8.800000000000000000e+01
2.634283837030676878e+01,1.872566171486203146e+01,1.167463730571434155e-01,8.900000000000000000e+01
2.732711626008102712e+01,1.889912081809988820e+01,2.321309884417601666e-01,9.000000000000000000e+01
2.828487913973953027e+01,1.918474520631420788e+01,3.475156038263751412e-01,9.100000000000000000e+01
2.920338986919448132e+01,1.957873640503657597e+01,4.629002192109901159e-01,9.200000000000000000e+01
3.007043331661973795e+01,2.007585478638198850e+01,5.782848345956050906e-01,9.300000000000000000e+01
3.087447880559568603e+01,2.066948925004795612e+01,6.936694499802200653e-01,9.400000000000000000e+01
3.160483345978773428e+01,2.135174514331276541e+01,8.090540653648368163e-01,9.500000000000000000e+01
3.225178440585135320e+01,2.211354925079837130e+01,9.244386807494517910e-01,9.600000000000000000e+01
3.280672794342922316e+01,2.294477045775541058e+01,1.039823296134066766e+00,9.700000000000000000e+01
3.326228396442876090e+01,2.383435448218796893e+01,1.155207911518683517e+00,9.800000000000000000e+01
3.361239409993574156e+01,2.477047088403649155e+01,1.270592526903296715e+00,9.900000000000000000e+01
3.385240228952351060e+01,2.574067039636648957e+01,1.385977142287913466e+00,1.000000000000000000e+02
3.397911670147888685e+01,2.673205048623986713e+01,1.501361757672528441e+00,1.010000000000000000e+02
3.399085218047741819e+01,2.773142694350071480e+01,1.616746373057143416e+00,1.020000000000000000e+02
3.388745265820284658e+01,2.872550921554258707e+01,1.732130988441760167e+00,1.030000000000000000e+02
3.367029322887545106e+01,2.970107715630773981e+01,1.847515603826375141e+00,1.040000000000000000e+02
3.334226186208717024e+01,3.064515683896040699e+01,1.962900219210990116e+00,1.050000000000000000e+02
3.290772099614158464e+01,3.154519309412894756e+01,2.078284834595605091e+00,1.060000000000000000e+02
3.237244952266308928e+01,3.238921647915729807e+01,2.193669449980220065e+00,1.070000000000000000e+02
3.174356593401289928e+01,3.316600245786766266e+01,2.309054065364836816e+00,1.080000000000000000e+02
3.102943365556244260e+01,3.386522067392736801e+01,2.424438680749451791e+00,1.090000000000000000e+02
3.023954982179566642e+01,3.447757233265659949e+01,2.539823296134066766e+00,1.100000000000000000e+02
2.938441897538951508e+01,3.499491386425757611e+01,2.655207911518681740e+00,1.110000000000000000e+02
2.847541336892904340e+01,3.541036522388706942e+01,2.770592526903296715e+00,1.120000000000000000e+02
2.752462172708294474e+01,3.571840138830637557e+01,2.885977142287913466e+00,1.130000000000000000e+02
2.654468848052786356e+01,3.591492583230906632e+01,3.001361757672528441e+00,1.140000000000000000e+02
2.554864560962464282e+01,3.599732500777470534e+01,3.116746373057143416e+00,1.150000000000000000e+02
2.454866776461630096e+01,3.600000000000000000e+01,-3.141592653589793116e+00,1.160000000000000000e+02
2.354866776461630096e+01,3.600000000000000000e+01,-3.141592653589793116e+00,1.170000000000000000e+02
2.254866776461630096e+01,3.600000000000000000e+01,-3.141592653589793116e+00,1.180000000000000000e+02
2.154866776461630096e+01,3.600000000000000000e+01,-3.141592653589793116e+00,1.190000000000000000e+02
2.054866776461630096e+01,3.600000000000000000e+01,-3.141592653589793116e+00,1.200000000000000000e+02
1.954866776461630096e+01,3.600000000000000000e+01,-3.141592653589793116e+00,1.210000000000000000e+02
1.854866776461630096e+01,3.600000000000000000e+01,-3.141592653589793116e+00,1.220000000000000000e+02
1.754866776461630096e+01,3.600000000000000000e+01,-3.141592653589793116e+00,1.230000000000000000e+02
1.654866776461630096e+01,3.600000000000000000e+01,-3.141592653589793116e+00,1.240000000000000000e+02
1.554866776461630096e+01,3.600000000000000000e+01,-3.141592653589793116e+00,1.250000000000000000e+02
1.454866776461630096e+01,3.600000000000000000e+01,-3.141592653589793116e+00,1.260000000000000000e+02
1.354866776461630096e+01,3.600000000000000000e+01,-3.141592653589793116e+00,1.270000000000000000e+02
1.254866776461630096e+01,3.600000000000000000e+01,-3.141592653589793116e+00,1.280000000000000000e+02
1.154866776461630096e+01,3.600000000000000000e+01,-3.141592653589793116e+00,1.290000000000000000e+02
1.054866776461630096e+01,3.600000000000000000e+01,-3.141592653589793116e+00,1.300000000000000000e+02
9.548667764616300957e+00,3.600000000000000000e+01,-3.141592653589793116e+00,1.310000000000000000e+02
8.548667764616300957e+00,3.600000000000000000e+01,-3.141592653589793116e+00,1.320000000000000000e+02
7.548667764616300957e+00,3.600000000000000000e+01,-3.141592653589793116e+00,1.330000000000000000e+02
6.548667764616300957e+00,3.600000000000000000e+01,-3.141592653589793116e+00,1.340000000000000000e+02
5.548667764616300957e+00,3.600000000000000000e+01,-3.141592653589793116e+00,1.350000000000000000e+02
4.548667764616300957e+00,3.600000000000000000e+01,-3.141592653589793116e+00,1.360000000000000000e+02
3.548667764616300957e+00,3.600000000000000000e+01,-3.141592653589793116e+00,1.370000000000000000e+02
2.548667764616300957e+00,3.600000000000000000e+01,-3.141592653589793116e+00,1.380000000000000000e+02
1.548667764616297404e+00,3.600000000000000000e+01,-3.141592653589793116e+00,1.390000000000000000e+02
5.486677646162974042e-01,3.600000000000000000e+01,-3.141592653589793116e+00,1.400000000000000000e+02
-1.421085471520200372e-14,3.600000000000000000e+01,-3.141592653589793116e+00,1.405486677646163116e+02
